name,enabled,last_date_tried,likes
Egg,,,
Strawberry,,,
Avocado,,,
Tomato,,,
Banana,,,
Bread,,,
Apple,,,
Black Beans,,,
Orange,,,
Cheese,,,
Peanut,,,
Cabbage,,,
Mango,,,
Blueberries,,,
Sweet Potato,,,
White Button Mushroom,,,
Rice,,,
Kidney Beans,,,
Asparagus,,,
Pineapple,,,
Tortilla,,,
Radish,,,
Mandarin,,,
Steak,,,
Salmon,,,
Plantain,,,
Pumpkin,,,
Beet,,,
Corn,,,
Queso Fresco,,,
Cherimoya,,,
Garlic,,,
Grape,,,
Chicken,,,
Cucumber,,,
Pasta,,,
Bagel,,,
Dill,,,
Lettuce,,,
Chayote,,,
Lemon,,,
Yogurt,,,
Oats,,,
Arctic Char,,,
Paneer,,,
Tacos,,,
Kiwi,,,
Rhubarb,,,
Lima Bean,,,
Branzino,,,
Sage,,,
Granadilla,,,
Honeydew Melon,,,
Raisins,,,
Spaghetti Squash,,,
Pancakes,,,
Papaya,,,
Ketchup,,,
Colby Cheese,,,
Parsley,,,
Rutabaga,,,
Octopus,,,
Guava,,,
Emmentaler Cheese,,,
Acai,,,
Parsnip,,,
Taro,,,
Edamame,,,
Pistachio,,,
Romaine,,,
Goat Cheese,,,
Dates,,,
Sunflower Seed,,,
Edam Cheese,,,
Cloves,,,
Frencch Toast,,,
Prickley Pear,,,
Trout,,,
Chickpea,,,
Raspberry,,,
Chives,,,
Brie Cheese,,,
Lentil,,,
Carrot,,,
Cotija Cheese,,,
Bulgur,,,
Blackberry,,,
Crab,,,
Cayenne Pepper,,,
Pecorino Cheese,,,
Galangal,,,
Oroblanco,,,
Provolone,,,
Mackerel,,,
Lotus Root,,,
Leek,,,
Challah,,,
Hare,,,
Chanterelle Mushroom,,,
Mint,,,
Zapote,,,
Pizza,,,
Seaweed,,,
Pulasan,,,
Tomatillo,,,
Great Northern Bean,,,
Labneh,,,
Asian Pear,,,
Portobello Mushroom,,,
Millet,,,
Cardamom,,,
Cod,,,
Waffle,,,
Collard Greens,,,
Quail Egg,,,
Duck,,,
Allspice,,,
Delicata Squash,,,
Tuna,,,
Turkey,,,
Turmeric,,,
Kabocha Squash,,,
Chia Seeds,,,
Sardines,,,
Snow Pea,,,
Fonio,,,
Mayonnaise,,,
Gruyere Cheese,,,
Freekeh,,,
Chaomomile,,,
Gnocchi,,,
Pinto Bean,,,
Cacao,,,
Ghee,,,
Pork,,,
Pawpaw,,,
Kumquat,,,
Porcini Mushroom,,,
Cranberry,,,
Jarlsberg Cheese,,,
Shrimp,,,
Chicken Liver,,,
Zucchini,,,
Black Elderberry,,,
Mustard Greens,,,
Oyster,,,
Brussels Sprouts,,,
Feijoa,,,
Black-eyed Peas,,,
Cream Cheese,,,
Cannellini Bean,,,
King Trumpet Mushroom,,,
Monterey Jack Cheese,,,
Oregano,,,
Pomelo,,,
Olice Oil,,,
Goose,,,
Lime,,,
Scallops,,,
Macadamia Nut,,,
Hemp Seed,,,
Arctichoke,,,
Navy Bean,,,
Cashew,,,
Nectarine,,,
Milk,,,
Mutton,,,
Kimchi,,,
Soy Sauce,,,
Morel Mushrooms,,,
Butter,,,
Farro,,,
Peas,,,
Adzuki Bean,,,
Plum,,,
Quark,,,
Summer Squash,,,
Beef Brisket,,,
Squid,,,
Bell pepper,,,
Ground Beef,,,
Gouda Cheese,,,
Burrata,,,
Sunchoke,,,
Swiss Cheese,,,
Mascarpone Cheese,,,
Juneberry,,,
Duck Egg,,,
Basil,,,
Chicken Feet,,,
Couscous,,,
Cottage Cheese,,,
Huckleberry,,,
Calamansi,,,
Star Fruit,,,
Yam,,,
Bacon,,,
Grapefruit,,,
Brazil Nut,,,
Spelt,,,
Soursop,,,
Persimmon,,,
Blood Sausage,,,
Cherry,,,
Einkorn,,,
Black Garlic,,,
Buckwheat,,,
Poppy Seed,,,
Iceberg Lettuce,,,
Chestnut,,,
Havarti Cheese,,,
Honeydew Melon,,,
Jicama,,,
Sesame,,,
Sugar,,,
Sour Cream,,,
Anchovy,,,
Scallion,,,
Hot Dog,,,
Acorn Squash,,,
Gooseberry,,,
Currants,,,
Khorasan Wheat,,,
Tamales,,,
Pine Nut,,,
Ramps,,,
Spinach,,,
Pecans,,,
Venison,,,
Chocolate,,,
Cornmeal,,,
Nopales,,,
Matzah,,,
Wood Ear Mushroom,,,
Pumpkin Seed,,,
Juice,,,
Maitake,,,
Cantaloupe,,,
Coconut,,,
Feta Cheese,,,
Eggplant,,,
Camembert Cheese,,,
Quince,,,
Cheddar Cheese,,,
Noodles,,,
Watermelon,,,
Miso,,,
Straw Mushroom,,,
Celeriac,,,
Ostrich,,,
Cauliflower,,,
Chili Pepper,,,
Broth,,,
Chipotle Pepper,,,
Pear,,,
Ham,,,
Wheat,,,
Barley,,,
Mustard Seed,,,
Crawfish,,,
Cheerios,,,
Mussels,,,
Tofu,,,
Onion,,,
Sole,,,
Sichuan Peppercorn,,,
Cumin,,,
Snap Peas,,,
String Cheese,,,
Okra,,,
Cranberry Bean,,,
Walnut,,,
Potato,,,
Durian,,,
Paprika,,,
Fennel,,,
Bamboo,,,
Kale,,,
Bok Choy,,,
Cinnamon,,,
Apricot,,,
Yardlong Bean,,,
Butternut Squash,,,
Clementine,,,
Catfish,,,
Hibiscus,,,
Tilapia,,,
Truffle,,,
Thyme,,,
Parmesan,,,
Mung Bean,,,
Sorghum,,,
Sapodilla,,,
Lamb,,,
Yuzu,,,
Dragon Fruit,,,
Asiago Cheese,,,
Fig,,,
Manchego Cheese,,,
Turnip,,,
Coconut Milk,,,
Celery,,,
Lobster,,,
Amaranth Seed,,,
Enoki Mushroom,,,
Fava Bean,,,
Horseradish,,,
Ricotta Cheese,,,
Vanilla,,,
Mozzarella Cheese,,,
La Tur Cheese,,,
Lychee,,,
Squash Blossoms,,,
Quinoa,,,
Rosemary,,,
Herring,,,
Black Pepper,,,
Crackers,,,
Clams,,,
Shiitake Mushrooms,,,
Quesillo,,,
Olives,,,
Nutrional Yeast,,,
Prune,,,
Romanesco,,,
Purple Potatoes,,,
Flounder,,,
Rambutan,,,
Peach,,,
Bitter Melon,,,
Jackfruit,,,
Beech Mushroom,,,
Tamarind,,,
Pomegranate,,,
Pollock,,,
Beef Liver,,,
Rye,,,
Brocolli,,,
Mustard,,,
Hazelnut,,,
Nutmeg,,,
Jalapeno Pepper,,,
Vinegar,,,
Almond,,,
Ribs,,,
Ice Cream,,,
Longan,,,
Flaxseed,,,
Tempeh,,,
Buttermilk,,,
Kefir,,,
Halibut,,,
Lemongrass,,,
Oyster Mushroom,,,
Haddock,,,
Ginger,,,
Loquat,,,
Manoomin,,,
Cilantro,,,
Bone Marrow,,,
Napa Cabbage,,,
Blue Cheese,,,
Goldenberry,,,
Bison,,,
Sausage,,,
Green Beans,,,
Rabbit,,,
Grasshoppers,,,
Passion Fruit,,,
Cassava,,,
Sauerkraut,,,
Teff,,,
Maple Syrup,,,
Plaice,,,
Kohlrabi,,,